Rk,Player,Season,Tm,G,FG,FGA,FG%,FGX,3P,3PA,3P%,3PX,eFG%,Ast'd,%Ast'd,Player-additional
1,Giannis Antetokounmpo,2024-25,MIL,65,666,1016,0.656,350,0,0,,0,0.656,299,0.449,antetgi01
2,Shai Gilgeous-Alexander,2024-25,OKC,75,631,1078,0.585,447,0,0,,0,0.585,130,0.206,gilgesh01
3,Nikola Jokić,2024-25,DEN,68,603,958,0.629,355,0,0,,0,0.629,392,0.65,jokicni01
4,Ivica Zubac,2024-25,LAC,80,591,938,0.63,347,0,0,,0,0.63,415,0.702,zubaciv01
5,Alperen Şengün,2024-25,HOU,76,532,1015,0.524,483,0,0,,0,0.524,246,0.462,sengual01
6,Cade Cunningham,2024-25,DET,70,499,958,0.521,459,0,0,,0,0.521,107,0.214,cunnica01
7,Karl-Anthony Towns,2024-25,NYK,72,486,835,0.582,349,0,0,,0,0.582,282,0.58,townska01
8,Pascal Siakam,2024-25,IND,77,450,762,0.591,312,0,0,,0,0.591,264,0.587,siakapa01
9,Jarrett Allen,2024-25,CLE,80,447,625,0.715,178,0,0,,0,0.715,368,0.823,allenja01
10,LeBron James,2024-25,LAL,69,443,730,0.607,287,0,0,,0,0.607,179,0.404,jamesle01
11,Jaren Jackson Jr.,2024-25,MEM,73,440,812,0.542,372,0,0,,0,0.542,199,0.452,jacksja02
12,Domantas Sabonis,2024-25,SAC,68,440,690,0.638,250,0,0,,0,0.638,273,0.62,sabondo01
13,Bam Adebayo,2024-25,MIA,78,433,829,0.522,396,0,0,,0,0.522,264,0.61,adebaba01
14,Evan Mobley,2024-25,CLE,70,412,652,0.632,240,0,0,,0,0.632,263,0.638,mobleev01
15,Mikal Bridges,2024-25,NYK,81,402,670,0.6,268,0,0,,0,0.6,275,0.684,bridgmi01
16,Franz Wagner,2024-25,ORL,59,402,734,0.548,332,0,0,,0,0.548,184,0.458,wagnefr01
17,Jalen Williams,2024-25,OKC,68,399,724,0.551,325,0,0,,0,0.551,155,0.388,willija06
18,Nikola Vučević,2024-25,CHI,72,393,661,0.595,268,0,0,,0,0.595,295,0.751,vucevni01
19,Jalen Brunson,2024-25,NYK,65,387,702,0.551,315,0,0,,0,0.551,93,0.24,brunsja01
20,Anthony Davis,2024-25,TOT,51,378,666,0.568,288,0,0,,0,0.568,231,0.611,davisan02
21,DeMar DeRozan,2024-25,SAC,76,378,694,0.545,316,0,0,,0,0.545,121,0.32,derozde01
22,Jalen Duren,2024-25,DET,77,377,545,0.692,168,0,0,,0,0.692,235,0.623,durenja01
23,Devin Booker,2024-25,PHO,73,376,681,0.552,305,0,0,,0,0.552,160,0.426,bookede01
24,Tyler Herro,2024-25,MIA,77,375,655,0.573,280,0,0,,0,0.573,142,0.379,herroty01
25,Dyson Daniels,2024-25,ATL,75,371,674,0.55,303,0,0,,0,0.55,191,0.515,daniedy01
26,Scottie Barnes,2024-25,TOR,65,367,696,0.527,329,0,0,,0,0.527,167,0.455,barnesc01
27,Christian Braun,2024-25,DEN,77,367,553,0.664,186,0,0,,0,0.664,284,0.774,braunch01
28,Jaylen Brown,2024-25,BOS,63,366,678,0.54,312,0,0,,0,0.54,143,0.391,brownja02
29,Kevin Durant,2024-25,PHO,60,362,629,0.576,267,0,0,,0,0.576,157,0.434,duranke01
30,De'Aaron Fox,2024-25,TOT,61,361,643,0.561,282,0,0,,0,0.561,119,0.33,foxde01
31,Jakob Poeltl,2024-25,TOR,57,360,570,0.632,210,0,0,,0,0.632,268,0.744,poeltja01
32,Jayson Tatum,2024-25,BOS,72,360,616,0.584,256,0,0,,0,0.584,128,0.356,tatumja01
33,Amen Thompson,2024-25,HOU,69,353,568,0.621,215,0,0,,0,0.621,184,0.521,thompam01
34,Anthony Edwards,2024-25,MIN,78,350,668,0.524,318,0,0,,0,0.524,138,0.394,edwaran01
35,RJ Barrett,2024-25,TOR,58,348,664,0.524,316,0,0,,0,0.524,161,0.463,barrerj01
36,Rudy Gobert,2024-25,MIN,72,341,508,0.671,167,0,0,,0,0.671,241,0.707,goberru01
37,Julius Randle,2024-25,MIN,69,335,597,0.561,262,0,0,,0,0.561,150,0.448,randlju01
38,Onyeka Okongwu,2024-25,ATL,73,331,520,0.637,189,0,0,,0,0.637,257,0.776,okongon01
39,Zach LaVine,2024-25,TOT,73,324,529,0.612,205,0,0,,0,0.612,168,0.519,lavinza01
40,Miles Bridges,2024-25,CHO,63,315,601,0.524,286,0,0,,0,0.524,151,0.479,bridgmi02
41,Nic Claxton,2024-25,BRK,70,313,534,0.586,221,0,0,,0,0.586,210,0.671,claxtni01
42,Jonas Valančiūnas,2024-25,TOT,81,313,532,0.588,219,0,0,,0,0.588,174,0.556,valanjo01
43,Trae Young,2024-25,ATL,75,313,639,0.49,326,0,0,,0,0.49,94,0.3,youngtr01
44,Jalen Green,2024-25,HOU,82,312,609,0.512,297,0,0,,0,0.512,79,0.253,greenja05
45,Stephon Castle,2024-25,SAS,80,311,604,0.515,293,0,0,,0,0.515,145,0.466,castlst01
46,Darius Garland,2024-25,CLE,74,311,565,0.55,254,0,0,,0,0.55,104,0.334,garlada01
47,OG Anunoby,2024-25,NYK,73,307,529,0.58,222,0,0,,0,0.58,219,0.713,anunoog01
48,Ja Morant,2024-25,MEM,50,307,580,0.529,273,0,0,,0,0.529,72,0.235,moranja01
49,Josh Hart,2024-25,NYK,77,306,490,0.624,184,0,0,,0,0.624,188,0.614,hartjo01
50,Shaedon Sharpe,2024-25,POR,70,301,512,0.588,211,0,0,,0,0.588,127,0.422,sharpsh01
51,Desmond Bane,2024-25,MEM,69,297,536,0.554,239,0,0,,0,0.554,126,0.424,banede01
52,Michael Porter Jr.,2024-25,DEN,75,295,446,0.661,151,0,0,,0,0.661,219,0.742,portemi01
53,Donovan Mitchell,2024-25,CLE,70,294,546,0.538,252,0,0,,0,0.538,71,0.241,mitchdo01
54,Tyrese Maxey,2024-25,PHI,52,293,565,0.519,272,0,0,,0,0.519,93,0.317,maxeyty01
55,Collin Sexton,2024-25,UTA,63,289,543,0.532,254,0,0,,0,0.532,109,0.377,sextoco01
56,Naji Marshall,2024-25,DAL,67,288,472,0.61,184,0,0,,0,0.61,138,0.479,marshna01
57,T.J. McConnell,2024-25,IND,77,286,526,0.544,240,0,0,,0,0.544,110,0.385,mccontj01
58,Jaden McDaniels,2024-25,MIN,81,285,492,0.579,207,0,0,,0,0.579,173,0.607,mcdanja02
59,Keldon Johnson,2024-25,SAS,76,284,490,0.58,206,0,0,,0,0.58,178,0.627,johnske04
60,Tobias Harris,2024-25,DET,73,282,506,0.557,224,0,0,,0,0.557,154,0.546,harrito02
61,James Harden,2024-25,LAC,79,281,596,0.471,315,0,0,,0,0.471,50,0.178,hardeja01
62,Daniel Gafford,2024-25,DAL,56,278,395,0.704,117,0,0,,0,0.704,199,0.716,gaffoda01
63,Isaiah Hartenstein,2024-25,OKC,56,275,453,0.607,178,0,0,,0,0.607,222,0.807,harteis01
64,Jamal Murray,2024-25,DEN,65,273,515,0.53,242,0,0,,0,0.53,104,0.381,murraja01
65,Coby White,2024-25,CHI,73,273,480,0.569,207,0,0,,0,0.569,91,0.333,whiteco01
66,Paolo Banchero,2024-25,ORL,45,272,516,0.527,244,0,0,,0,0.527,108,0.397,banchpa01
67,Walker Kessler,2024-25,UTA,58,272,384,0.708,112,0,0,,0,0.708,168,0.618,kesslwa01
68,Kelly Oubre Jr.,2024-25,PHI,59,271,484,0.56,213,0,0,,0,0.56,145,0.535,oubreke01
69,Deni Avdija,2024-25,POR,72,266,479,0.555,213,0,0,,0,0.555,117,0.44,avdijde01
70,Kyle Kuzma,2024-25,TOT,64,263,489,0.538,226,0,0,,0,0.538,153,0.582,kuzmaky01
71,Bennedict Mathurin,2024-25,IND,70,263,486,0.541,223,0,0,,0,0.541,155,0.589,mathube01
72,Austin Reaves,2024-25,LAL,71,263,473,0.556,210,0,0,,0,0.556,117,0.445,reaveau01
73,Jimmy Butler,2024-25,TOT,52,262,462,0.567,200,0,0,,0,0.567,147,0.561,butleji01
74,Kyrie Irving,2024-25,DAL,48,262,484,0.541,222,0,0,,0,0.541,82,0.313,irvinky01
75,Yves Missi,2024-25,NOP,69,262,477,0.549,215,0,0,,0,0.549,177,0.676,missiyv01
76,Zion Williamson,2024-25,NOP,28,262,462,0.567,200,0,0,,0,0.567,121,0.462,willizi01
77,Josh Giddey,2024-25,CHI,69,261,496,0.526,235,0,0,,0,0.526,107,0.41,giddejo01
78,Norman Powell,2024-25,LAC,60,260,478,0.544,218,0,0,,0,0.544,152,0.585,powelno01
79,Russell Westbrook,2024-25,DEN,73,260,475,0.547,215,0,0,,0,0.547,108,0.415,westbru01
80,Mark Williams,2024-25,CHO,43,259,424,0.611,165,0,0,,0,0.611,207,0.799,willima07
81,Luka Dončić,2024-25,TOT,49,258,466,0.554,208,0,0,,0,0.554,69,0.267,doncilu01
82,Malik Monk,2024-25,SAC,65,252,463,0.544,211,0,0,,0,0.544,114,0.452,monkma01
83,Naz Reid,2024-25,MIN,78,250,456,0.548,206,0,0,,0,0.548,161,0.644,reidna01
84,CJ McCollum,2024-25,NOP,54,244,467,0.522,223,0,0,,0,0.522,106,0.434,mccolcj01
85,Deandre Ayton,2024-25,POR,39,237,380,0.624,143,0,0,,0,0.624,171,0.722,aytonde01
86,Brandon Clarke,2024-25,MEM,64,235,363,0.647,128,0,0,,0,0.647,179,0.762,clarkbr01
87,Brook Lopez,2024-25,MIL,76,235,361,0.651,126,0,0,,0,0.651,176,0.749,lopezbr01
88,Ausar Thompson,2024-25,DET,58,234,406,0.576,172,0,0,,0,0.576,146,0.624,thompau01
89,Zach Edey,2024-25,MEM,65,231,377,0.613,146,0,0,,0,0.613,146,0.632,edeyza01
90,Victor Wembanyama,2024-25,SAS,46,231,370,0.624,139,0,0,,0,0.624,158,0.684,wembavi01
91,Derrick Jones Jr.,2024-25,LAC,77,228,362,0.63,134,0,0,,0,0.63,168,0.737,jonesde02
92,Zaccharie Risacher,2024-25,ATL,74,226,410,0.551,184,0,0,,0,0.551,165,0.73,risacza01
93,Andrew Wiggins,2024-25,TOT,60,225,430,0.523,205,0,0,,0,0.523,116,0.516,wiggian01
94,Anfernee Simons,2024-25,POR,69,224,461,0.486,237,0,0,,0,0.486,40,0.179,simonan01
95,Jeremy Sochan,2024-25,SAS,54,222,371,0.598,149,0,0,,0,0.598,165,0.743,sochaje01
96,Jalen Johnson,2024-25,ATL,36,221,391,0.565,170,0,0,,0,0.565,136,0.615,johnsja05
97,Kel'el Ware,2024-25,MIA,61,220,346,0.636,126,0,0,,0,0.636,168,0.764,wareke01
98,Clint Capela,2024-25,ATL,54,217,386,0.562,169,0,0,,0,0.562,168,0.774,capelca01
99,Tyrese Haliburton,2024-25,IND,72,215,351,0.613,136,0,0,,0,0.613,85,0.395,halibty01
100,Aaron Wiggins,2024-25,OKC,71,215,371,0.58,156,0,0,,0,0.58,124,0.577,wiggiaa01
101,LaMelo Ball,2024-25,CHO,47,214,440,0.486,226,0,0,,0,0.486,47,0.22,ballla01
102,Stephen Curry,2024-25,GSW,68,212,403,0.526,191,0,0,,0,0.526,105,0.495,curryst01
103,Alex Sarr,2024-25,WAS,66,210,459,0.458,249,0,0,,0,0.458,145,0.69,sarral01
104,Jonathan Kuminga,2024-25,GSW,47,209,400,0.523,191,0,0,,0,0.523,108,0.517,kuminjo01
105,Kawhi Leonard,2024-25,LAC,37,209,372,0.562,163,0,0,,0,0.562,91,0.435,leonaka01
106,John Collins,2024-25,UTA,40,207,356,0.581,149,0,0,,0,0.581,132,0.638,collijo01
107,Tari Eason,2024-25,HOU,57,207,361,0.573,154,0,0,,0,0.573,109,0.527,easonta01
108,Jordan Poole,2024-25,WAS,68,207,398,0.52,191,0,0,,0,0.52,73,0.353,poolejo01
109,Bradley Beal,2024-25,PHO,52,206,342,0.602,136,0,0,,0,0.602,107,0.519,bealbr01
110,Trey Murphy III,2024-25,NOP,50,206,365,0.564,159,0,0,,0,0.564,142,0.689,murphtr02
111,Myles Turner,2024-25,IND,71,206,362,0.569,156,0,0,,0,0.569,172,0.835,turnemy01
112,Obi Toppin,2024-25,IND,76,204,288,0.708,84,0,0,,0,0.708,155,0.76,toppiob01
113,P.J. Washington,2024-25,DAL,56,204,406,0.502,202,0,0,,0,0.502,107,0.525,washipj01
114,Quentin Grimes,2024-25,TOT,66,201,345,0.583,144,0,0,,0,0.583,92,0.458,grimequ01
115,Goga Bitadze,2024-25,ORL,59,199,301,0.661,102,0,0,,0,0.661,135,0.678,bitadgo01
116,Ty Jerome,2024-25,CLE,70,199,349,0.57,150,0,0,,0,0.57,67,0.337,jeromty01
117,Nick Richards,2024-25,TOT,55,198,336,0.589,138,0,0,,0,0.589,136,0.687,richani01
118,Devin Vassell,2024-25,SAS,64,197,373,0.528,176,0,0,,0,0.528,106,0.538,vassede01
119,Scotty Pippen Jr.,2024-25,MEM,76,196,367,0.534,171,0,0,,0,0.534,99,0.505,pippesc02
120,Kevin Porter Jr.,2024-25,TOT,72,196,375,0.523,179,0,0,,0,0.523,56,0.286,porteke02
121,Keegan Murray,2024-25,SAC,74,195,339,0.575,144,0,0,,0,0.575,127,0.651,murrake02
122,Harrison Barnes,2024-25,SAS,80,191,323,0.591,132,0,0,,0,0.591,112,0.586,barneha02
123,Toumani Camara,2024-25,POR,75,190,345,0.551,155,0,0,,0,0.551,127,0.668,camarto01
124,Santi Aldama,2024-25,MEM,64,189,309,0.612,120,0,0,,0,0.612,122,0.646,aldamsa01
125,Bilal Coulibaly,2024-25,WAS,59,189,363,0.521,174,0,0,,0,0.521,99,0.524,coulibi01
126,Isaiah Collier,2024-25,UTA,66,188,372,0.505,184,0,0,,0,0.505,66,0.351,colliis01
127,Anthony Black,2024-25,ORL,76,187,385,0.486,198,0,0,,0,0.486,82,0.439,blackan01
128,Luke Kornet,2024-25,BOS,67,186,276,0.674,90,0,0,,0,0.674,130,0.699,kornelu01
129,Dennis Schröder,2024-25,TOT,75,185,382,0.484,197,0,0,,0,0.484,47,0.254,schrode01
130,Damian Lillard,2024-25,MIL,55,183,339,0.54,156,0,0,,0,0.54,30,0.164,lillada01
131,Kyle Filipowski,2024-25,UTA,66,182,295,0.617,113,0,0,,0,0.617,105,0.577,filipky01
132,Rui Hachimura,2024-25,LAL,58,180,302,0.596,122,0,0,,0,0.596,150,0.833,hachiru01
133,De'Andre Hunter,2024-25,TOT,64,180,336,0.536,156,0,0,,0,0.536,115,0.639,huntede01
134,Wendell Carter Jr.,2024-25,ORL,67,176,298,0.591,122,0,0,,0,0.591,133,0.756,cartewe01
135,Aaron Gordon,2024-25,DEN,48,175,292,0.599,117,0,0,,0,0.599,102,0.583,gordoaa01
136,Trayce Jackson-Davis,2024-25,GSW,54,174,297,0.586,123,0,0,,0,0.586,139,0.799,jackstr02
137,Jaime Jaquez Jr.,2024-25,MIA,61,174,335,0.519,161,0,0,,0,0.519,76,0.437,jaqueja01
138,Guerschon Yabusele,2024-25,PHI,65,174,281,0.619,107,0,0,,0,0.619,126,0.724,yabusgu01
139,Dillon Brooks,2024-25,HOU,75,173,374,0.463,201,0,0,,0,0.463,77,0.445,brookdi01
140,Keyonte George,2024-25,UTA,67,173,379,0.456,206,0,0,,0,0.456,73,0.422,georgke01
141,Caris LeVert,2024-25,TOT,63,172,304,0.566,132,0,0,,0,0.566,111,0.645,leverca01
142,Bobby Portis,2024-25,MIL,48,172,325,0.529,153,0,0,,0,0.529,87,0.506,portibo01
143,Cameron Johnson,2024-25,BRK,56,169,285,0.593,116,0,0,,0,0.593,95,0.562,johnsca02
144,Donovan Clingan,2024-25,POR,66,164,282,0.582,118,0,0,,0,0.582,99,0.604,clingdo01
145,Keon Johnson,2024-25,BRK,76,164,348,0.471,184,0,0,,0,0.471,80,0.488,johnske07
146,Kristaps Porziņģis,2024-25,BOS,42,164,295,0.556,131,0,0,,0,0.556,126,0.768,porzikr01
147,Ochai Agbaji,2024-25,TOR,63,163,276,0.591,113,0,0,,0,0.591,129,0.791,agbajoc01
148,Moussa Diabaté,2024-25,CHO,64,163,266,0.613,103,0,0,,0,0.613,122,0.748,diabamo01
149,Andrew Nembhard,2024-25,IND,62,163,288,0.566,125,0,0,,0,0.566,80,0.491,nembhan01
150,Spencer Dinwiddie,2024-25,DAL,68,161,331,0.486,170,0,0,,0,0.486,34,0.211,dinwisp01
151,Scoot Henderson,2024-25,POR,65,161,338,0.476,177,0,0,,0,0.476,41,0.255,hendesc01
152,Ron Holland,2024-25,DET,80,159,259,0.614,100,0,0,,0,0.614,94,0.591,hollaro01
153,Isaiah Stewart,2024-25,DET,68,159,260,0.612,101,0,0,,0,0.612,116,0.73,stewais01
154,Ayo Dosunmu,2024-25,CHI,46,158,258,0.612,100,0,0,,0,0.612,87,0.551,dosunay01
155,Jaxson Hayes,2024-25,LAL,53,158,215,0.735,57,0,0,,0,0.735,135,0.854,hayesja02
156,Peyton Watson,2024-25,DEN,64,155,282,0.55,127,0,0,,0,0.55,124,0.8,watsope01
157,Precious Achiuwa,2024-25,NYK,57,154,290,0.531,136,0,0,,0,0.531,107,0.695,achiupr01
158,Derrick White,2024-25,BOS,74,153,245,0.624,92,0,0,,0,0.624,70,0.458,whitede01
159,Matas Buzelis,2024-25,CHI,71,151,278,0.543,127,0,0,,0,0.543,105,0.695,buzelma01
160,Lauri Markkanen,2024-25,UTA,47,151,279,0.541,128,0,0,,0,0.541,101,0.669,markkla01
161,Brandin Podziemski,2024-25,GSW,62,151,276,0.547,125,0,0,,0,0.547,83,0.55,podzibr01
162,Cason Wallace,2024-25,OKC,66,150,269,0.558,119,0,0,,0,0.558,86,0.573,wallaca01
163,Jabari Smith Jr.,2024-25,HOU,57,145,262,0.553,117,0,0,,0,0.553,82,0.566,smithja05
164,Day'Ron Sharpe,2024-25,BRK,48,144,257,0.56,113,0,0,,0,0.56,84,0.583,sharpda01
165,Payton Pritchard,2024-25,BOS,72,142,213,0.667,71,0,0,,0,0.667,36,0.254,pritcpa01
166,Jrue Holiday,2024-25,BOS,62,141,254,0.555,113,0,0,,0,0.555,71,0.504,holidjr01
167,Terry Rozier,2024-25,MIA,61,140,293,0.478,153,0,0,,0,0.478,64,0.457,roziete01
168,Gradey Dick,2024-25,TOR,54,139,289,0.481,150,0,0,,0,0.481,111,0.799,dickgr01
169,Cole Anthony,2024-25,ORL,62,138,292,0.473,154,0,0,,0,0.473,37,0.268,anthoco01
170,Jared Butler,2024-25,TOT,55,138,273,0.505,135,0,0,,0,0.505,37,0.268,butleja02
171,Kevon Looney,2024-25,GSW,70,138,256,0.539,118,0,0,,0,0.539,78,0.565,looneke01
172,Gary Payton II,2024-25,GSW,58,138,201,0.687,63,0,0,,0,0.687,113,0.819,paytoga02
173,Terance Mann,2024-25,TOT,65,137,232,0.591,95,0,0,,0,0.591,82,0.599,mannte01
174,Jaylen Wells,2024-25,MEM,76,137,246,0.557,109,0,0,,0,0.557,88,0.642,wellsja01
175,Justin Champagnie,2024-25,WAS,52,136,217,0.627,81,0,0,,0,0.627,77,0.566,champju01
176,Jonathan Mogbo,2024-25,TOR,59,136,273,0.498,137,0,0,,0,0.498,96,0.706,mogbojo01
177,Jusuf Nurkić,2024-25,TOT,50,136,245,0.555,109,0,0,,0,0.555,92,0.676,nurkiju01
178,Corey Kispert,2024-25,WAS,61,135,232,0.582,97,0,0,,0,0.582,107,0.793,kispeco01
179,Davion Mitchell,2024-25,TOT,70,135,250,0.54,115,0,0,,0,0.54,38,0.281,mitchda01
180,Trendon Watford,2024-25,BRK,43,135,261,0.517,126,0,0,,0,0.517,49,0.363,watfotr01
181,Tyus Jones,2024-25,PHO,73,133,265,0.502,132,0,0,,0,0.502,50,0.376,jonesty01
182,Adem Bona,2024-25,PHI,45,132,188,0.702,56,0,0,,0,0.702,92,0.697,bonaad01
183,Dereck Lively II,2024-25,DAL,35,132,188,0.702,56,0,0,,0,0.702,104,0.788,livelde01
184,Neemias Queta,2024-25,BOS,51,132,200,0.66,68,0,0,,0,0.66,105,0.795,quetane01
185,Jamal Shead,2024-25,TOR,68,132,268,0.493,136,0,0,,0,0.493,53,0.402,sheadja01
186,Dejounte Murray,2024-25,NOP,30,129,272,0.474,143,0,0,,0,0.474,32,0.248,murrade01
187,D'Angelo Russell,2024-25,TOT,57,129,249,0.518,120,0,0,,0,0.518,57,0.442,russeda01
188,Draymond Green,2024-25,GSW,66,127,242,0.525,115,0,0,,0,0.525,101,0.795,greendr01
189,Malik Beasley,2024-25,DET,81,124,261,0.475,137,0,0,,0,0.475,78,0.629,beaslma01
190,Amir Coffey,2024-25,LAC,64,123,230,0.535,107,0,0,,0,0.535,85,0.691,coffeam01
191,Mason Plumlee,2024-25,PHO,62,123,194,0.634,71,0,0,,0,0.634,96,0.78,plumlma01
192,Dalton Knecht,2024-25,LAL,66,122,198,0.616,76,0,0,,0,0.616,92,0.754,knechda01
193,Dalano Banton,2024-25,POR,58,121,268,0.451,147,0,0,,0,0.451,45,0.372,bantoda01
194,Max Christie,2024-25,TOT,68,121,231,0.524,110,0,0,,0,0.524,76,0.628,chrisma02
195,Jaden Ivey,2024-25,DET,30,121,241,0.502,120,0,0,,0,0.502,51,0.421,iveyja01
196,Zach Collins,2024-25,TOT,54,120,193,0.622,73,0,0,,0,0.622,98,0.817,colliza01
197,Moses Moody,2024-25,GSW,67,120,223,0.538,103,0,0,,0,0.538,80,0.667,moodymo01
198,Chet Holmgren,2024-25,OKC,32,118,216,0.546,98,0,0,,0,0.546,74,0.627,holmgch01
199,Nickeil Alexander-Walker,2024-25,MIN,78,117,224,0.522,107,0,0,,0,0.522,71,0.607,alexani01
200,Kevin Huerter,2024-25,TOT,62,117,192,0.609,75,0,0,,0,0.609,89,0.761,huertke01
201,Georges Niang,2024-25,TOT,73,117,204,0.574,87,0,0,,0,0.574,98,0.838,niangge01
202,Jalen Wilson,2024-25,BRK,69,117,246,0.476,129,0,0,,0,0.476,71,0.607,wilsoja03
203,Ricky Council IV,2024-25,PHI,60,116,236,0.492,120,0,0,,0,0.492,61,0.526,councri01
204,Paul George,2024-25,PHI,41,116,211,0.55,95,0,0,,0,0.55,35,0.302,georgpa01
205,Buddy Hield,2024-25,GSW,72,116,203,0.571,87,0,0,,0,0.571,71,0.612,hieldbu01
206,Kris Dunn,2024-25,LAC,66,115,205,0.561,90,0,0,,0,0.561,63,0.548,dunnkr01
207,Ryan Dunn,2024-25,PHO,62,115,197,0.584,82,0,0,,0,0.584,85,0.739,dunnry01
208,Bub Carrington,2024-25,WAS,78,114,237,0.481,123,0,0,,0,0.481,54,0.474,carrica01
209,Tristan Da Silva,2024-25,ORL,64,114,226,0.504,112,0,0,,0,0.504,71,0.623,dasiltr01
210,Andre Drummond,2024-25,PHI,40,114,213,0.535,99,0,0,,0,0.535,73,0.64,drumman01
211,Ben Simmons,2024-25,TOT,47,114,216,0.528,102,0,0,,0,0.528,59,0.518,simmobe01
212,Brice Sensabaugh,2024-25,UTA,62,113,214,0.528,101,0,0,,0,0.528,67,0.593,sensabr01
213,Moritz Wagner,2024-25,ORL,29,113,173,0.653,60,0,0,,0,0.653,78,0.69,wagnemo01
214,Kyle Anderson,2024-25,TOT,56,112,217,0.516,105,0,0,,0,0.516,58,0.518,anderky01
215,Drew Eubanks,2024-25,TOT,49,112,188,0.596,76,0,0,,0,0.596,88,0.786,eubandr01
216,Oso Ighodaro,2024-25,PHO,51,112,182,0.615,70,0,0,,0,0.615,96,0.857,ighodos01
217,Julian Strawther,2024-25,DEN,60,112,206,0.544,94,0,0,,0,0.544,80,0.714,strawju01
218,Thomas Bryant,2024-25,TOT,53,111,168,0.661,57,0,0,,0,0.661,73,0.658,bryanth01
219,Jordan Clarkson,2024-25,UTA,37,111,244,0.455,133,0,0,,0,0.455,30,0.27,clarkjo01
220,Jalen Smith,2024-25,CHI,58,111,175,0.634,64,0,0,,0,0.634,79,0.712,smithja04
221,Karlo Matković,2024-25,NOP,37,110,162,0.679,52,0,0,,0,0.679,81,0.736,matkoka01
222,Jalen Suggs,2024-25,ORL,35,110,209,0.526,99,0,0,,0,0.526,26,0.236,suggsja01
223,Chris Boucher,2024-25,TOR,46,109,170,0.641,61,0,0,,0,0.641,70,0.642,bouchch01
224,Cam Thomas,2024-25,BRK,25,109,217,0.502,108,0,0,,0,0.502,50,0.459,thomaca02
225,Ziaire Williams,2024-25,BRK,59,109,207,0.527,98,0,0,,0,0.527,68,0.624,willizi02
226,Tre Jones,2024-25,TOT,45,107,186,0.575,79,0,0,,0,0.575,55,0.514,jonestr01
227,Aaron Nesmith,2024-25,IND,45,105,174,0.603,69,0,0,,0,0.603,80,0.762,nesmiaa01
228,Cam Whitmore,2024-25,HOU,45,105,199,0.528,94,0,0,,0,0.528,52,0.495,whitmca01
229,Nick Smith Jr.,2024-25,CHO,53,103,220,0.468,117,0,0,,0,0.468,44,0.427,smithni01
230,Bruce Brown,2024-25,TOT,41,101,221,0.457,120,0,0,,0,0.457,65,0.644,brownbr01
231,Patrick Williams,2024-25,CHI,60,101,216,0.468,115,0,0,,0,0.468,54,0.535,willipa01
232,Duncan Robinson,2024-25,MIA,64,100,178,0.562,78,0,0,,0,0.562,76,0.76,robindu01
233,Klay Thompson,2024-25,DAL,62,100,216,0.463,116,0,0,,0,0.463,66,0.66,thompkl01
234,Jake LaRavia,2024-25,TOT,62,99,191,0.518,92,0,0,,0,0.518,58,0.586,laravja01
235,Jerami Grant,2024-25,POR,47,98,250,0.392,152,0,0,,0,0.392,52,0.531,grantje01
236,Jaden Hardy,2024-25,DAL,46,98,191,0.513,93,0,0,,0,0.513,35,0.357,hardyja02
237,Kenrich Williams,2024-25,OKC,59,98,164,0.598,66,0,0,,0,0.598,60,0.612,willike04
238,Orlando Robinson,2024-25,TOT,40,97,206,0.471,109,0,0,,0,0.471,63,0.649,robinor01
239,Joel Embiid,2024-25,PHI,19,96,186,0.516,90,0,0,,0,0.516,51,0.531,embiijo01
240,KJ Martin,2024-25,TOT,39,95,142,0.669,47,0,0,,0,0.669,80,0.842,martike04
241,Kelly Olynyk,2024-25,TOT,41,95,173,0.549,78,0,0,,0,0.549,54,0.568,olynyke01
242,Jeremiah Robinson-Earl,2024-25,NOP,55,95,170,0.559,75,0,0,,0,0.559,67,0.705,robinje02
243,Brandon Boston Jr.,2024-25,NOP,38,94,194,0.485,100,0,0,,0,0.485,51,0.543,bostobr01
244,Julian Champagnie,2024-25,SAS,72,94,175,0.537,81,0,0,,0,0.537,68,0.723,champju02
245,Tim Hardaway Jr.,2024-25,DET,67,94,173,0.543,79,0,0,,0,0.543,78,0.83,hardati02
246,Fred VanVleet,2024-25,HOU,56,94,209,0.45,115,0,0,,0,0.45,22,0.234,vanvlfr01
247,Brandon Ingram,2024-25,NOP,18,93,170,0.547,77,0,0,,0,0.547,33,0.355,ingrabr01
248,Talen Horton-Tucker,2024-25,CHI,41,92,166,0.554,74,0,0,,0,0.554,32,0.348,hortota01
249,Immanuel Quickley,2024-25,TOR,33,92,197,0.467,105,0,0,,0,0.467,34,0.37,quickim01
250,Steven Adams,2024-25,HOU,49,91,165,0.552,74,0,0,,0,0.552,41,0.451,adamsst01
251,Bogdan Bogdanović,2024-25,TOT,50,91,172,0.529,81,0,0,,0,0.529,45,0.495,bogdabo01
252,Justin Edwards,2024-25,PHI,40,91,165,0.552,74,0,0,,0,0.552,47,0.516,edwarju01
253,Nikola Jović,2024-25,MIA,45,91,162,0.562,71,0,0,,0,0.562,60,0.659,jovicni01
254,Haywood Highsmith,2024-25,MIA,59,90,156,0.577,66,0,0,,0,0.577,60,0.667,highsha01
255,Richaun Holmes,2024-25,WAS,30,90,135,0.667,45,0,0,,0,0.667,57,0.633,holmeri01
256,Ja'Kobe Walter,2024-25,TOR,49,90,193,0.466,103,0,0,,0,0.466,58,0.644,walteja01
257,Jonathan Isaac,2024-25,ORL,60,89,154,0.578,65,0,0,,0,0.578,48,0.539,isaacjo01
258,Miles McBride,2024-25,NYK,61,89,192,0.464,103,0,0,,0,0.464,35,0.393,mcbrimi01
259,Brandon Miller,2024-25,CHO,27,89,180,0.494,91,0,0,,0,0.494,44,0.494,millebr02
260,Jabari Walker,2024-25,POR,46,89,154,0.578,65,0,0,,0,0.578,56,0.629,walkeja01
261,Jose Alvarado,2024-25,NOP,49,88,200,0.44,112,0,0,,0,0.44,34,0.386,alvarjo01
262,Kyshawn George,2024-25,WAS,61,88,186,0.473,98,0,0,,0,0.473,51,0.58,georgky01
263,DeAndre Jordan,2024-25,DEN,50,87,135,0.644,48,0,0,,0,0.644,63,0.724,jordade01
264,Kris Murray,2024-25,POR,55,87,155,0.561,68,0,0,,0,0.561,51,0.586,murrakr01
265,Jarace Walker,2024-25,IND,56,87,156,0.558,69,0,0,,0,0.558,62,0.713,walkeja02
266,Cody Martin,2024-25,TOT,53,86,153,0.562,67,0,0,,0,0.562,50,0.581,martico01
267,Tyrese Martin,2024-25,BRK,52,86,173,0.497,87,0,0,,0,0.497,45,0.523,martity01
268,Kai Jones,2024-25,TOT,28,85,101,0.842,16,0,0,,0,0.842,70,0.824,joneska01
269,Khris Middleton,2024-25,TOT,36,85,156,0.545,71,0,0,,0,0.545,36,0.424,middlkh01
270,Kentavious Caldwell-Pope,2024-25,ORL,65,84,134,0.627,50,0,0,,0,0.627,57,0.679,caldwke01
271,Chris Paul,2024-25,SAS,63,84,153,0.549,69,0,0,,0,0.549,18,0.214,paulch01
272,Taurean Prince,2024-25,MIL,64,83,169,0.491,86,0,0,,0,0.491,64,0.771,princta02
273,Luke Kennard,2024-25,MEM,47,82,144,0.569,62,0,0,,0,0.569,43,0.524,kennalu01
274,Cameron Payne,2024-25,NYK,61,82,179,0.458,97,0,0,,0,0.458,26,0.317,payneca01
275,Dalen Terry,2024-25,CHI,61,82,161,0.509,79,0,0,,0,0.509,50,0.61,terryda01
276,Keon Ellis,2024-25,SAC,61,81,127,0.638,46,0,0,,0,0.638,54,0.667,elliske01
277,Sandro Mamukelashvili,2024-25,SAS,42,81,120,0.675,39,0,0,,0,0.675,54,0.667,mamuksa01
278,Gary Trent Jr.,2024-25,MIL,66,81,168,0.482,87,0,0,,0,0.482,44,0.543,trentga02
279,Malcolm Brogdon,2024-25,WAS,24,80,160,0.5,80,0,0,,0,0.5,29,0.363,brogdma01
280,Alex Caruso,2024-25,OKC,46,79,137,0.577,58,0,0,,0,0.577,54,0.684,carusal01
281,Al Horford,2024-25,BOS,57,79,137,0.577,58,0,0,,0,0.577,65,0.823,horfoal01
282,Luguentz Dort,2024-25,OKC,65,78,162,0.481,84,0,0,,0,0.481,55,0.705,dortlu01
283,Josh Green,2024-25,CHO,61,78,158,0.494,80,0,0,,0,0.494,48,0.615,greenjo02
284,Julian Phillips,2024-25,CHI,58,78,133,0.586,55,0,0,,0,0.586,53,0.679,phillju01
285,Caleb Martin,2024-25,TOT,40,77,154,0.5,77,0,0,,0,0.5,31,0.403,martica02
286,Jordan Hawkins,2024-25,NOP,51,76,164,0.463,88,0,0,,0,0.463,46,0.605,hawkijo01
287,Jay Huff,2024-25,MEM,42,76,99,0.768,23,0,0,,0,0.768,64,0.842,huffja01
288,Johnny Juzang,2024-25,UTA,52,76,143,0.531,67,0,0,,0,0.531,48,0.632,juzanjo01
289,Ryan Rollins,2024-25,MIL,43,76,136,0.559,60,0,0,,0,0.559,25,0.329,rolliry01
290,Donte DiVincenzo,2024-25,MIN,56,75,152,0.493,77,0,0,,0,0.493,45,0.6,divindo01
291,Shake Milton,2024-25,TOT,39,75,144,0.521,69,0,0,,0,0.521,28,0.373,miltosh01
292,Tristan Vukcevic,2024-25,WAS,30,75,131,0.573,56,0,0,,0,0.573,60,0.8,vukcetr01
293,Javonte Green,2024-25,TOT,58,74,139,0.532,65,0,0,,0,0.532,46,0.622,greenja02
294,Jeff Dowtin Jr.,2024-25,PHI,32,73,132,0.553,59,0,0,,0,0.553,21,0.288,dowtije01
295,Trey Lyles,2024-25,SAC,59,73,131,0.557,58,0,0,,0,0.557,58,0.795,lylestr01
296,Brandon Williams,2024-25,DAL,27,70,121,0.579,51,0,0,,0,0.579,21,0.3,willibr03
297,Grayson Allen,2024-25,PHO,56,69,136,0.507,67,0,0,,0,0.507,48,0.696,allengr01
298,Charles Bassey,2024-25,SAS,30,68,116,0.586,48,0,0,,0,0.586,53,0.779,bassech01
299,Simone Fontecchio,2024-25,DET,61,68,129,0.527,61,0,0,,0,0.527,43,0.632,fontesi01
300,Jared McCain,2024-25,PHI,22,68,131,0.519,63,0,0,,0,0.519,22,0.324,mccaija01
301,Isaac Okoro,2024-25,CLE,49,68,113,0.602,45,0,0,,0,0.602,52,0.765,okorois01
302,Marcus Sasser,2024-25,DET,42,68,119,0.571,51,0,0,,0,0.571,26,0.382,sassema01
303,Bismack Biyombo,2024-25,SAS,26,67,114,0.588,47,0,0,,0,0.588,53,0.791,biyombi01
304,Ajay Mitchell,2024-25,OKC,32,67,117,0.573,50,0,0,,0,0.573,27,0.403,mitchaj01
305,Tosan Evbuomwan,2024-25,BRK,26,66,135,0.489,69,0,0,,0,0.489,36,0.545,evbuoto01
306,Jock Landale,2024-25,HOU,31,66,118,0.559,52,0,0,,0,0.559,41,0.621,landajo01
307,Dorian Finney-Smith,2024-25,TOT,52,65,119,0.546,54,0,0,,0,0.546,45,0.692,finnedo01
308,KJ Simpson,2024-25,CHO,33,65,153,0.425,88,0,0,,0,0.425,21,0.323,simpskj01
309,Blake Wesley,2024-25,SAS,45,64,120,0.533,56,0,0,,0,0.533,42,0.656,weslebl01
310,Rob Dillingham,2024-25,MIN,34,63,116,0.543,53,0,0,,0,0.543,19,0.302,dilliro01
311,Andre Jackson Jr.,2024-25,MIL,51,62,117,0.53,55,0,0,,0,0.53,40,0.645,jacksan01
312,Josh Okogie,2024-25,TOT,37,62,119,0.521,57,0,0,,0,0.521,39,0.629,okogijo01
313,Royce O'Neale,2024-25,PHO,54,61,125,0.488,64,0,0,,0,0.488,44,0.721,onealro01
314,Paul Reed,2024-25,DET,37,60,109,0.55,49,0,0,,0,0.55,40,0.667,reedpa01
315,Antonio Reeves,2024-25,NOP,32,60,111,0.541,51,0,0,,0,0.541,44,0.733,reevean01
316,Mike Conley,2024-25,MIN,61,59,143,0.413,84,0,0,,0,0.413,25,0.424,conlemi01
317,AJ Johnson,2024-25,TOT,27,58,123,0.472,65,0,0,,0,0.472,31,0.534,johnsaj01
318,Pelle Larsson,2024-25,MIA,41,57,108,0.528,51,0,0,,0,0.528,45,0.789,larsspe01
319,DaQuan Jeffries,2024-25,CHO,37,56,113,0.496,57,0,0,,0,0.496,45,0.804,jeffrda01
320,Isaiah Joe,2024-25,OKC,50,56,100,0.56,44,0,0,,0,0.56,45,0.804,joeis01
321,Pat Connaughton,2024-25,MIL,31,55,94,0.585,39,0,0,,0,0.585,40,0.727,connapa01
322,Bol Bol,2024-25,PHO,26,54,73,0.74,19,0,0,,0,0.74,45,0.833,bolbo01
323,Jae'Sean Tate,2024-25,HOU,36,54,102,0.529,48,0,0,,0,0.529,28,0.519,tateja01
324,Olivier-Maxence Prosper,2024-25,DAL,37,53,110,0.482,57,0,0,,0,0.482,32,0.604,prospol01
325,Tidjane Salaün,2024-25,CHO,51,53,133,0.398,80,0,0,,0,0.398,33,0.623,salauti01
326,Marvin Bagley III,2024-25,TOT,23,52,87,0.598,35,0,0,,0,0.598,28,0.538,baglema01
327,Dominick Barlow,2024-25,ATL,27,52,84,0.619,32,0,0,,0,0.619,37,0.712,barlodo01
328,Max Strus,2024-25,CLE,40,52,78,0.667,26,0,0,,0,0.667,38,0.731,strusma01
329,Seth Curry,2024-25,CHO,48,51,105,0.486,54,0,0,,0,0.486,26,0.51,curryse01
330,Mouhamed Gueye,2024-25,ATL,32,51,89,0.573,38,0,0,,0,0.573,42,0.824,gueyemo02
331,Isaac Jones,2024-25,SAC,28,51,74,0.689,23,0,0,,0,0.689,39,0.765,jonesis01
332,Vit Krejci,2024-25,ATL,42,50,79,0.633,29,0,0,,0,0.633,34,0.68,krejcvi01
333,Jordan Miller,2024-25,LAC,26,50,96,0.521,46,0,0,,0,0.521,24,0.48,millejo02
334,Craig Porter Jr.,2024-25,CLE,31,50,87,0.575,37,0,0,,0,0.575,27,0.54,portecr01
335,Ben Sheppard,2024-25,IND,44,50,82,0.61,32,0,0,,0,0.61,37,0.74,sheppbe01
336,Daniel Theis,2024-25,NOP,32,50,88,0.568,38,0,0,,0,0.568,37,0.74,theisda01
337,Malaki Branham,2024-25,SAS,29,49,96,0.51,47,0,0,,0,0.51,25,0.51,branhma01
338,Jarred Vanderbilt,2024-25,LAL,32,49,88,0.557,39,0,0,,0,0.557,34,0.694,vandeja01
339,Gabe Vincent,2024-25,LAL,48,49,94,0.521,45,0,0,,0,0.521,30,0.612,vincega01
340,Robert Williams,2024-25,POR,17,49,73,0.671,24,0,0,,0,0.671,37,0.755,williro04
341,Zeke Nnaji,2024-25,DEN,37,48,81,0.593,33,0,0,,0,0.593,39,0.813,nnajize01
342,A.J. Lawson,2024-25,TOR,22,47,89,0.528,42,0,0,,0,0.528,30,0.638,lawsoaj01
343,Marcus Smart,2024-25,TOT,32,47,108,0.435,61,0,0,,0,0.435,20,0.426,smartma01
344,Cody Williams,2024-25,UTA,44,47,113,0.416,66,0,0,,0,0.416,27,0.574,willico04
345,Herbert Jones,2024-25,NOP,20,46,91,0.505,45,0,0,,0,0.505,30,0.652,joneshe01
346,Svi Mykhailiuk,2024-25,UTA,33,46,94,0.489,48,0,0,,0,0.489,18,0.391,mykhasv01
347,Gui Santos,2024-25,GSW,32,46,74,0.622,28,0,0,,0,0.622,36,0.783,santogu01
348,Larry Nance Jr.,2024-25,ATL,20,45,76,0.592,31,0,0,,0,0.592,38,0.844,nancela02
349,Colin Castleton,2024-25,TOT,19,44,82,0.537,38,0,0,,0,0.537,30,0.682,castlco01
350,Kessler Edwards,2024-25,DAL,24,44,78,0.564,34,0,0,,0,0.564,36,0.818,edwarke02
351,Wendell Moore Jr.,2024-25,TOT,29,44,80,0.55,36,0,0,,0,0.55,26,0.591,moorewe01
352,Noah Clowney,2024-25,BRK,39,43,107,0.402,64,0,0,,0,0.402,30,0.698,clownno01
353,Taj Gibson,2024-25,CHO,31,43,89,0.483,46,0,0,,0,0.483,27,0.628,gibsota01
354,Tre Mann,2024-25,CHO,13,43,93,0.462,50,0,0,,0,0.462,6,0.14,manntr01
355,Monte Morris,2024-25,PHO,40,43,90,0.478,47,0,0,,0,0.478,20,0.465,morrimo01
356,Quinten Post,2024-25,GSW,35,43,85,0.506,42,0,0,,0,0.506,35,0.814,postqu01
357,Jericho Sims,2024-25,TOT,30,43,66,0.652,23,0,0,,0,0.652,34,0.791,simsje01
358,Jaylon Tyson,2024-25,CLE,31,43,89,0.483,46,0,0,,0,0.483,20,0.465,tysonja01
359,Jamal Cain,2024-25,NOP,24,42,75,0.56,33,0,0,,0,0.56,25,0.595,cainja01
360,Luka Garza,2024-25,MIN,29,42,69,0.609,27,0,0,,0,0.609,30,0.714,garzalu01
361,Quenton Jackson,2024-25,IND,21,42,77,0.545,35,0,0,,0,0.545,24,0.571,jacksqu01
362,Rayan Rupert,2024-25,POR,29,42,82,0.512,40,0,0,,0,0.512,22,0.524,ruperra01
363,Landry Shamet,2024-25,NYK,36,42,67,0.627,25,0,0,,0,0.627,34,0.81,shamela01
364,Oscar Tshiebwe,2024-25,UTA,12,42,70,0.6,28,0,0,,0,0.6,25,0.595,tshieos01
365,GG Jackson II,2024-25,MEM,25,41,102,0.402,61,0,0,,0,0.402,21,0.512,jacksgg01
366,Trey Jemison,2024-25,TOT,30,41,73,0.562,32,0,0,,0,0.562,31,0.756,jemistr01
367,Jamison Battle,2024-25,TOR,37,40,80,0.5,40,0,0,,0,0.5,33,0.825,battlja01
368,Colby Jones,2024-25,TOT,25,40,74,0.541,34,0,0,,0,0.541,23,0.575,jonesco02
369,Vince Williams Jr.,2024-25,MEM,25,40,70,0.571,30,0,0,,0,0.571,25,0.625,willivi01
370,Sam Hauser,2024-25,BOS,36,39,59,0.661,20,0,0,,0,0.661,31,0.795,hausesa01
371,Christian Koloko,2024-25,LAL,25,39,60,0.65,21,0,0,,0,0.65,33,0.846,kolokch01
372,Vasilije Micić,2024-25,CHO,33,38,112,0.339,74,0,0,,0,0.339,10,0.263,micicva01
373,Elfrid Payton,2024-25,TOT,24,38,114,0.333,76,0,0,,0,0.333,7,0.184,paytoel01
374,David Roddy,2024-25,TOT,25,38,62,0.613,24,0,0,,0,0.613,28,0.737,roddyda01
375,Keion Brooks Jr.,2024-25,NOP,13,37,64,0.578,27,0,0,,0,0.578,26,0.703,brookke02
376,Aaron Holiday,2024-25,HOU,32,37,71,0.521,34,0,0,,0,0.521,13,0.351,holidaa01
377,Dwight Powell,2024-25,DAL,27,37,50,0.74,13,0,0,,0,0.74,29,0.784,poweldw01
378,Mitchell Robinson,2024-25,NYK,16,37,56,0.661,19,0,0,,0,0.661,14,0.378,robinmi01
379,Lonnie Walker IV,2024-25,PHI,16,37,69,0.536,32,0,0,,0,0.536,24,0.649,walkelo01
380,Mo Bamba,2024-25,TOT,26,36,56,0.643,20,0,0,,0,0.643,23,0.639,bambamo01
381,Dante Exum,2024-25,DAL,18,36,74,0.486,38,0,0,,0,0.486,16,0.444,exumda01
382,Jett Howard,2024-25,ORL,29,36,58,0.621,22,0,0,,0,0.621,17,0.472,howarje01
383,Duop Reath,2024-25,POR,30,36,59,0.61,23,0,0,,0,0.61,17,0.472,reathdu01
384,Terrence Shannon Jr.,2024-25,MIN,22,36,68,0.529,32,0,0,,0,0.529,31,0.861,shannte01
385,Pat Spencer,2024-25,GSW,29,35,77,0.455,42,0,0,,0,0.455,19,0.543,spencpa01
386,Drew Timme,2024-25,BRK,9,35,66,0.53,31,0,0,,0,0.53,24,0.686,timmedr01
387,Keaton Wallace,2024-25,ATL,24,35,69,0.507,34,0,0,,0,0.507,11,0.314,wallake01
388,Jaylen Clark,2024-25,MIN,29,34,67,0.507,33,0,0,,0,0.507,19,0.559,clarkja02
389,Dillon Jones,2024-25,OKC,33,34,68,0.5,34,0,0,,0,0.5,23,0.676,jonesdi01
390,Jaylin Williams,2024-25,OKC,30,34,64,0.531,30,0,0,,0,0.531,21,0.618,willija07
391,Anthony Gill,2024-25,WAS,26,33,56,0.589,23,0,0,,0,0.589,20,0.606,gillan01
392,Jordan Goodwin,2024-25,LAL,24,33,67,0.493,34,0,0,,0,0.493,15,0.455,goodwjo01
393,Trevelin Queen,2024-25,ORL,22,33,67,0.493,34,0,0,,0,0.493,20,0.606,queentr01
394,Sam Merrill,2024-25,CLE,32,32,50,0.64,18,0,0,,0,0.64,25,0.781,merrisa01
395,Eric Gordon,2024-25,PHI,30,31,64,0.484,33,0,0,,0,0.484,22,0.71,gordoer01
396,Jalen Pickett,2024-25,DEN,29,31,61,0.508,30,0,0,,0,0.508,13,0.419,pickeja02
397,Reed Sheppard,2024-25,HOU,36,31,83,0.373,52,0,0,,0,0.373,11,0.355,sheppre01
398,Tristan Thompson,2024-25,CLE,30,31,67,0.463,36,0,0,,0,0.463,22,0.71,thomptr01
399,Dean Wade,2024-25,CLE,35,31,45,0.689,14,0,0,,0,0.689,22,0.71,wadede01
400,Josh Minott,2024-25,MIN,27,30,47,0.638,17,0,0,,0,0.638,21,0.7,minotjo01
401,Jared Rhoden,2024-25,TOT,13,30,46,0.652,16,0,0,,0,0.652,21,0.7,rhodeja01
402,Damion Baugh,2024-25,CHO,13,29,68,0.426,39,0,0,,0,0.426,12,0.414,baughda01
403,Ousmane Dieng,2024-25,OKC,25,29,50,0.58,21,0,0,,0,0.58,21,0.724,diengou01
404,Alex Len,2024-25,TOT,25,29,51,0.569,22,0,0,,0,0.569,22,0.759,lenal01
405,Devin Carter,2024-25,SAC,26,28,61,0.459,33,0,0,,0,0.459,10,0.357,cartede02
406,Jeff Green,2024-25,HOU,21,28,38,0.737,10,0,0,,0,0.737,15,0.536,greenje02
407,Reece Beekman,2024-25,TOT,23,27,62,0.435,35,0,0,,0,0.435,12,0.444,beekmre01
408,Tony Bradley,2024-25,IND,8,27,41,0.659,14,0,0,,0,0.659,20,0.741,bradlto01
409,Kobe Brown,2024-25,LAC,24,27,46,0.587,19,0,0,,0,0.587,15,0.556,brownko01
410,Bruno Fernando,2024-25,TOR,15,26,47,0.553,21,0,0,,0,0.553,17,0.654,fernabr01
411,Grant Williams,2024-25,CHO,16,26,45,0.578,19,0,0,,0,0.578,21,0.808,willigr01
412,Isaiah Wong,2024-25,CHO,18,26,66,0.394,40,0,0,,0,0.394,10,0.385,wongis01
413,Moses Brown,2024-25,TOT,8,25,35,0.714,10,0,0,,0,0.714,15,0.6,brownmo01
414,Collin Gillespie,2024-25,PHO,27,25,61,0.41,36,0,0,,0,0.41,7,0.28,gilleco01
415,Maxwell Lewis,2024-25,TOT,17,25,52,0.481,27,0,0,,0,0.481,16,0.64,lewisma05
416,Micah Potter,2024-25,UTA,21,25,36,0.694,11,0,0,,0,0.694,16,0.64,pottemi01
417,Johnny Davis,2024-25,WAS,21,24,47,0.511,23,0,0,,0,0.511,17,0.708,davisjo06
418,Jaylen Martin,2024-25,TOT,13,24,50,0.48,26,0,0,,0,0.48,16,0.667,martija02
419,Cam Reddish,2024-25,LAL,21,24,45,0.533,21,0,0,,0,0.533,12,0.5,reddica01
420,Delon Wright,2024-25,TOT,27,24,57,0.421,33,0,0,,0,0.421,11,0.458,wrighde01
421,Markelle Fultz,2024-25,SAC,18,23,49,0.469,26,0,0,,0,0.469,12,0.522,fultzma01
422,Reggie Jackson,2024-25,PHI,26,23,47,0.489,24,0,0,,0,0.489,11,0.478,jacksre01
423,Jaden Springer,2024-25,TOT,23,23,41,0.561,18,0,0,,0,0.561,12,0.522,sprinja01
424,Lindy Waters III,2024-25,TOT,29,23,52,0.442,29,0,0,,0,0.442,16,0.696,waterli01
425,Marcus Bagley,2024-25,PHI,10,22,36,0.611,14,0,0,,0,0.611,12,0.545,baglema02
426,Alec Burks,2024-25,MIA,30,22,54,0.407,32,0,0,,0,0.407,13,0.591,burksal01
427,Branden Carlson,2024-25,OKC,11,21,30,0.7,9,0,0,,0,0.7,11,0.524,carlsbr01
428,Ariel Hukporti,2024-25,NYK,14,21,31,0.677,10,0,0,,0,0.677,20,0.952,hukpoar01
429,Lamar Stevens,2024-25,MEM,10,21,36,0.583,15,0,0,,0,0.583,11,0.524,stevela01
430,Matisse Thybulle,2024-25,POR,13,21,40,0.525,19,0,0,,0,0.525,12,0.571,thybuma01
431,Hunter Tyson,2024-25,DEN,23,21,41,0.512,20,0,0,,0,0.512,14,0.667,tysonhu01
432,Jeenathan Williams,2024-25,HOU,11,21,36,0.583,15,0,0,,0,0.583,13,0.619,willije02
433,Johnny Furphy,2024-25,IND,16,20,40,0.5,20,0,0,,0,0.5,17,0.85,furphjo01
434,Cory Joseph,2024-25,ORL,25,19,39,0.487,20,0,0,,0,0.487,7,0.368,josepco01
435,Lonzo Ball,2024-25,CHI,24,18,38,0.474,20,0,0,,0,0.474,10,0.556,balllo01
436,Jevon Carter,2024-25,CHI,21,18,37,0.486,19,0,0,,0,0.486,11,0.611,carteje01
437,Jalen Hood-Schifino,2024-25,TOT,11,18,39,0.462,21,0,0,,0,0.462,5,0.278,hoodsja01
438,John Konchar,2024-25,MEM,17,18,29,0.621,11,0,0,,0,0.621,12,0.667,konchjo01
439,Damion Lee,2024-25,PHO,18,18,34,0.529,16,0,0,,0,0.529,12,0.667,leeda03
440,Jaylen Nowell,2024-25,NOP,7,18,43,0.419,25,0,0,,0,0.419,5,0.278,nowelja01
441,Lester Quiñones,2024-25,TOT,9,18,32,0.563,14,0,0,,0,0.563,8,0.444,quinole01
442,JT Thor,2024-25,TOT,16,18,35,0.514,17,0,0,,0,0.514,11,0.611,thorjt01
443,Maxi Kleber,2024-25,DAL,21,17,36,0.472,19,0,0,,0,0.472,15,0.882,klebima01
444,A.J. Green,2024-25,MIL,27,16,34,0.471,18,0,0,,0,0.471,10,0.625,greenaj01
445,Kevin Love,2024-25,MIA,16,16,45,0.356,29,0,0,,0,0.356,7,0.438,loveke01
446,Enrique Freeman,2024-25,IND,15,15,27,0.556,12,0,0,,0,0.556,12,0.8,freemen01
447,Keshad Johnson,2024-25,MIA,6,15,19,0.789,4,0,0,,0,0.789,9,0.6,johnske10
448,Garrison Mathews,2024-25,ATL,22,15,33,0.455,18,0,0,,0,0.455,12,0.8,mathega01
449,Dru Smith,2024-25,MIA,13,15,31,0.484,16,0,0,,0,0.484,6,0.4,smithdr01
450,Cam Spencer,2024-25,MEM,13,15,27,0.556,12,0,0,,0,0.556,13,0.867,spencca01
451,Jordan Walsh,2024-25,BOS,20,15,28,0.536,13,0,0,,0,0.536,7,0.467,walshjo01
452,MarJon Beauchamp,2024-25,TOT,16,14,25,0.56,11,0,0,,0,0.56,4,0.286,beaucma01
453,Torrey Craig,2024-25,TOT,15,14,23,0.609,9,0,0,,0,0.609,10,0.714,craigto01
454,Caleb Houstan,2024-25,ORL,20,14,26,0.538,12,0,0,,0,0.538,13,0.929,houstca01
455,Isaiah Jackson,2024-25,IND,5,14,23,0.609,9,0,0,,0,0.609,12,0.857,jacksis01
456,Kylor Kelley,2024-25,TOT,7,14,22,0.636,8,0,0,,0,0.636,12,0.857,kelleky01
457,Nicolas Batum,2024-25,LAC,24,13,29,0.448,16,0,0,,0,0.448,6,0.462,batumni01
458,Oshae Brissett,2024-25,PHI,6,13,21,0.619,8,0,0,,0,0.619,8,0.615,brissos01
459,Kobe Bufkin,2024-25,ATL,10,13,26,0.5,13,0,0,,0,0.5,6,0.462,bufkiko01
460,Gary Harris,2024-25,ORL,18,13,28,0.464,15,0,0,,0,0.464,8,0.615,harriga01
461,Dario Šarić,2024-25,DEN,13,13,30,0.433,17,0,0,,0,0.433,9,0.692,saricda01
462,PJ Hall,2024-25,DEN,11,12,16,0.75,4,0,0,,0,0.75,10,0.833,hallpj01
463,Kevin Knox,2024-25,GSW,9,12,19,0.632,7,0,0,,0,0.632,8,0.667,knoxke01
464,Tyler Kolek,2024-25,NYK,21,12,34,0.353,22,0,0,,0,0.353,2,0.167,kolekty01
465,Bones Hyland,2024-25,LAC,16,11,26,0.423,15,0,0,,0,0.423,6,0.545,hylanbo01
466,Bronny James,2024-25,LAL,14,11,32,0.344,21,0,0,,0,0.344,5,0.455,jamesbr02
467,Kyle Lowry,2024-25,PHI,17,11,23,0.478,12,0,0,,0,0.478,7,0.636,lowryky01
468,Garrett Temple,2024-25,TOR,15,11,28,0.393,17,0,0,,0,0.393,7,0.636,templga01
469,Nae'Qwan Tomlin,2024-25,CLE,5,11,22,0.5,11,0,0,,0,0.5,5,0.455,tomlina01
470,Sidy Cissoko,2024-25,TOT,9,10,16,0.625,6,0,0,,0,0.625,7,0.7,cissosi01
471,Adam Flagler,2024-25,OKC,11,10,18,0.556,8,0,0,,0,0.556,5,0.5,flaglad01
472,Killian Hayes,2024-25,BRK,6,10,21,0.476,11,0,0,,0,0.476,4,0.4,hayeski01
473,Jordan McLaughlin,2024-25,TOT,15,10,23,0.435,13,0,0,,0,0.435,4,0.4,mclaujo01
474,N'Faly Dante,2024-25,HOU,4,10,12,0.833,2,0,0,,0,0.833,6,0.6,nfalyda01
475,Alex Reese,2024-25,TOT,10,10,12,0.833,2,0,0,,0,0.833,6,0.6,reeseal01
476,Baylor Scheierman,2024-25,BOS,13,10,23,0.435,13,0,0,,0,0.435,6,0.6,scheiba01
477,Tyler Smith,2024-25,MIL,12,10,18,0.556,8,0,0,,0,0.556,8,0.8,smithty02
478,TyTy Washington Jr.,2024-25,PHO,7,10,23,0.435,13,0,0,,0,0.435,7,0.7,washity02
479,Josh Christopher,2024-25,MIA,6,9,20,0.45,11,0,0,,0,0.45,5,0.556,chrisjo01
480,Spencer Jones,2024-25,DEN,7,9,16,0.563,7,0,0,,0,0.563,8,0.889,jonessp01
481,Chris Livingston,2024-25,MIL,10,9,19,0.474,10,0,0,,0,0.474,5,0.556,livinch01
482,De'Anthony Melton,2024-25,GSW,6,9,19,0.474,10,0,0,,0,0.474,4,0.444,meltode01
483,Markieff Morris,2024-25,TOT,10,9,27,0.333,18,0,0,,0,0.333,5,0.556,morrima02
484,Chuma Okeke,2024-25,TOT,7,9,12,0.75,3,0,0,,0,0.75,4,0.444,okekech01
485,Trey Alexander,2024-25,DEN,11,8,18,0.444,10,0,0,,0,0.444,5,0.625,alexatr01
486,JD Davison,2024-25,BOS,7,8,15,0.533,7,0,0,,0,0.533,2,0.25,davisjd01
487,Marcus Garrett,2024-25,CHO,4,8,19,0.421,11,0,0,,0,0.421,2,0.25,garrema01
488,Mason Jones,2024-25,SAC,4,8,10,0.8,2,0,0,,0,0.8,4,0.5,jonesma05
489,Xavier Tillman Sr.,2024-25,BOS,15,8,21,0.381,13,0,0,,0,0.381,3,0.375,tillmxa01
490,Patty Mills,2024-25,TOT,8,7,14,0.5,7,0,0,,0,0.5,3,0.429,millspa02
491,Daeqwon Plowden,2024-25,ATL,3,7,8,0.875,1,0,0,,0,0.875,6,0.857,plowdda01
492,Armel Traoré,2024-25,LAL,6,6,12,0.5,6,0,0,,0,0.5,5,0.833,armeltr01
493,Patrick Baldwin Jr.,2024-25,WAS,7,6,12,0.5,6,0,0,,0,0.5,5,0.833,baldwpa01
494,Vlatko Čančar,2024-25,DEN,7,6,11,0.545,5,0,0,,0,0.545,4,0.667,cancavl01
495,Chris Duarte,2024-25,CHI,6,6,11,0.545,5,0,0,,0,0.545,4,0.667,duartch01
496,Leonard Miller,2024-25,MIN,7,6,10,0.6,4,0,0,,0,0.6,4,0.667,millele01
497,Justin Minaya,2024-25,POR,7,6,11,0.545,5,0,0,,0,0.545,3,0.5,minayju01
498,Jaylen Sims,2024-25,CHO,5,6,13,0.462,7,0,0,,0,0.462,4,0.667,simsja01
499,Tolu Smith,2024-25,DET,1,6,9,0.667,3,0,0,,0,0.667,4,0.667,smithto05
500,Dariq Whitehead,2024-25,BRK,12,6,19,0.316,13,0,0,,0,0.316,3,0.5,whiteda01
501,Jamaree Bouyea,2024-25,MIL,2,5,7,0.714,2,0,0,,0,0.714,2,0.4,bouyeja01
502,Cam Christie,2024-25,LAC,5,5,10,0.5,5,0,0,,0,0.5,3,0.6,chrisca02
503,E.J. Liddell,2024-25,CHI,3,5,5,1,0,0,0,,0,1,3,0.6,liddeej01
504,Doug McDermott,2024-25,SAC,11,5,13,0.385,8,0,0,,0,0.385,5,1,mcderdo01
505,Jackson Rowe,2024-25,GSW,5,5,7,0.714,2,0,0,,0,0.714,5,1,roweja01
506,Luke Travers,2024-25,CLE,5,5,11,0.455,6,0,0,,0,0.455,4,0.8,travelu01
507,Isaiah Crawford,2024-25,SAC,5,4,6,0.667,2,0,0,,0,0.667,3,0.75,crawfis01
508,Tyson Etienne,2024-25,BRK,4,4,8,0.5,4,0,0,,0,0.5,4,1,etienty01
509,Trentyn Flowers,2024-25,LAC,2,4,8,0.5,4,0,0,,0,0.5,2,0.5,flowetr01
510,Malachi Flynn,2024-25,CHO,3,4,9,0.444,5,0,0,,0,0.444,2,0.5,flynnma01
511,Jazian Gortman,2024-25,DAL,5,4,11,0.364,7,0,0,,0,0.364,0,0,gortmja01
512,Elijah Harkless,2024-25,UTA,7,4,10,0.4,6,0,0,,0,0.4,3,0.75,harklej01
513,James Johnson,2024-25,IND,4,4,5,0.8,1,0,0,,0,0.8,3,0.75,johnsja01
514,Bryce McGowens,2024-25,POR,6,4,10,0.4,6,0,0,,0,0.4,3,0.75,mcgowbr01
515,Emanuel Miller,2024-25,CHI,4,4,7,0.571,3,0,0,,0,0.571,3,0.75,milleem01
516,Pete Nance,2024-25,TOT,5,4,5,0.8,1,0,0,,0,0.8,4,1,nancepe01
517,Josh Richardson,2024-25,MIA,8,4,12,0.333,8,0,0,,0,0.333,4,1,richajo01
518,Matt Ryan,2024-25,NYK,9,4,10,0.4,6,0,0,,0,0.4,4,1,ryanma01
519,Adama Sanogo,2024-25,CHI,3,4,7,0.571,3,0,0,,0,0.571,2,0.5,sanogad01
520,Cole Swider,2024-25,TOR,7,4,10,0.4,6,0,0,,0,0.4,3,0.75,swideco01
521,Jacob Toppin,2024-25,TOT,6,4,12,0.333,8,0,0,,0,0.333,2,0.5,toppija01
522,Anton Watson,2024-25,NYK,5,4,8,0.5,4,0,0,,0,0.5,3,0.75,watsoan02
523,RayJ Dennis,2024-25,IND,4,3,10,0.3,7,0,0,,0,0.3,0,0,dennira01
524,David Duke Jr.,2024-25,SAS,4,3,8,0.375,5,0,0,,0,0.375,1,0.333,dukeda01
525,Joe Ingles,2024-25,MIN,3,3,7,0.429,4,0,0,,0,0.429,3,1,inglejo01
526,Yuki Kawamura,2024-25,MEM,5,3,6,0.5,3,0,0,,0,0.5,2,0.667,kawamyu01
527,Bobi Klintman,2024-25,DET,2,3,4,0.75,1,0,0,,0,0.75,2,0.667,klintbo01
528,Drew Peterson,2024-25,BOS,7,3,7,0.429,4,0,0,,0,0.429,1,0.333,peterdr01
529,Phillip Wheeler,2024-25,PHI,4,3,11,0.273,8,0,0,,0,0.273,1,0.333,wheelph02
530,Jahmir Young,2024-25,CHI,2,3,3,1,0,0,0,,0,1,0,0,youngja05
531,Emoni Bates,2024-25,CLE,4,2,6,0.333,4,0,0,,0,0.333,0,0,batesem01
532,Ulrich Chomche,2024-25,TOR,4,2,5,0.4,3,0,0,,0,0.4,2,1,chomcul01
533,Jae Crowder,2024-25,SAC,4,2,5,0.4,3,0,0,,0,0.4,1,0.5,crowdja01
534,Pacome Dadiet,2024-25,NYK,6,2,8,0.25,6,0,0,,0,0.25,2,1,dadiepa01
535,Harrison Ingram,2024-25,SAS,2,2,2,1,0,0,0,,0,1,1,0.5,ingraha01
536,Daniss Jenkins,2024-25,DET,2,2,3,0.667,1,0,0,,0,0.667,0,0,jenkida01
537,Kevin McCullar Jr.,2024-25,NYK,3,2,6,0.333,4,0,0,,0,0.333,1,0.5,mcculke01
538,Liam Robbins,2024-25,MIL,4,2,5,0.4,3,0,0,,0,0.4,2,1,robbili01
539,Stanley Umude,2024-25,MIL,6,2,10,0.2,8,0,0,,0,0.2,1,0.5,umudest01
540,James Wiseman,2024-25,IND,1,2,2,1,0,0,0,,0,1,2,1,wisemja01
541,D.J. Carton,2024-25,TOR,3,1,4,0.25,3,0,0,,0,0.25,1,1,cartodj01
542,Cui Yongxi,2024-25,BRK,2,1,4,0.25,3,0,0,,0,0.25,1,1,cuiyo01
543,Alex Ducas,2024-25,OKC,5,1,7,0.143,6,0,0,,0,0.143,1,1,ducasal01
544,Ron Harper Jr.,2024-25,DET,1,1,2,0.5,1,0,0,,0,0.5,1,1,harpero02
545,Taylor Hendricks,2024-25,UTA,3,1,6,0.167,5,0,0,,0,0.167,1,1,hendrta01
546,Skal Labissière,2024-25,SAC,2,1,3,0.333,2,0,0,,0,0.333,1,1,labissk01
547,Jack McVeigh,2024-25,HOU,3,1,3,0.333,2,0,0,,0,0.333,0,0,mcveija01
548,Isaiah Mobley,2024-25,PHI,1,1,4,0.25,3,0,0,,0,0.25,0,0,mobleis01
549,Taze Moore,2024-25,POR,2,1,6,0.167,5,0,0,,0,0.167,0,0,mooreta02
550,Tristen Newton,2024-25,TOT,5,1,5,0.2,4,0,0,,0,0.2,0,0,newtotr01
551,Alondes Williams,2024-25,DET,1,1,1,1,0,0,0,,0,1,0,0,willial06
552,Yuri Collins,2024-25,GSW,1,0,2,0,2,0,0,,0,0,0,,colliyu01
553,Terence Davis,2024-25,SAC,1,0,1,0,1,0,0,,0,0,0,,daviste02
554,Braxton Key,2024-25,GSW,1,0,3,0,3,0,0,,0,0,0,,keybr01
555,Malevy Leons,2024-25,OKC,1,0,1,0,1,0,0,,0,0,0,,leonsma01
556,Mac McClung,2024-25,ORL,1,0,1,0,1,0,0,,0,0,0,,mccluma01
557,Miles Norris,2024-25,BOS,1,0,2,0,2,0,0,,0,0,0,,norrimi01
558,Zyon Pullin,2024-25,MEM,1,0,1,0,1,0,0,,0,0,0,,pullizy01
559,Isaiah Stevens,2024-25,MIA,1,0,1,0,1,0,0,,0,0,0,,steveis01
560,Terry Taylor,2024-25,SAC,1,0,1,0,1,0,0,,0,0,0,,taylote01
561,P.J. Tucker,2024-25,NYK,1,0,1,0,1,0,0,,0,0,0,,tuckepj01